SL,Class /Tag,Pattterns,Responses
1,greeting,Hey ,"Hello,Thank you for knock me :-)"
2,greeting,Hi,"Hi,there,how can I help you ?"
3,greeting,Is anyone there ?,"Hello, how can I assist you?"
4,greeting,Hello,"Hi, how may I assist you?"
5,greeting,Good day,"Hello, what can I do to help?"
6,goodbye,Bye,"See you later,thanks for visiting"
7,goodbye,See you later,"See you later, thanks for stopping by."
8,goodbye,See you later on.,"See you later, thanks for checking in."
9,goodbye,I'll talk to you later.,"See you later, thanks for taking the time."
10,goodbye,I'll see you in a while.,"See you later,thanks for visiting"
11,goodbye,See you in a couple of minutes.,"See you later, thanks for checking in."
12,about_ubot,What is U-bot ?,"U-bot,I am A.I Powered Chatbot.U-Bot stand for Uap Bot. "
13,about_ubot,What does U-bot mean?,"U-bot,I am A.I Powered Chatbot.U-Bot stand for Uap Bot."
14,about_ubot,What does U-bot stand for?,"U-bot,I am A.I Powered Chatbot.U-Bot stand for Uap Bot."
,about_ubot,Name?,"Oh sorry, I thought you knew. My name is Ubot.I am A.I Powered Chatbot.U-Bot stand for Uap Bot. "
,about_ubot,What do people call you?,You can call me U-Bot.
,about_ubot,Do you have a name?,"U-bot,I am A.I Powered Chatbot.U-Bot stand for Uap Bot. "
,about_ubot,Who are you?,My name is U-bot.I am A.I Powered Chatbot.U-Bot stand for Uap Bot. 
,about_ubot,name,My name is U-bot I am A.I Powered Chatbot.U-Bot stand for Uap Bot. 
15,developer,Who made U-bot ?,"It build by Ashraful Haque,Sabbir Hosen ,Mehrab Anin, Shahriar Shafin."
16,developer,Who built  U-bot?,"It build by Ashraful Haque,Sabbir Hosen ,Mehrab Anin, Shahriar Shafin."
17,developer,Who created  U-bot?,"It build by Ashraful Haque,Sabbir Hosen ,Mehrab Anin, Shahriar Shafin."
18,developer,Who made uap cse chet bot?,"It develop by Ashraful Haque,Sabbir Hosen ,Mehrab Anin, Shahriar Shafin."
19,developer,Who are the developer of this chet bot ?,"It build by Ashraful Haque,Sabbir Hosen ,Mehrab Anin, Shahriar Shafin."
20,developer,Who are the developer of u-bot ?,"It build by Ashraful Haque,Sabbir Hosen ,Mehrab Anin, Shahriar Shafin."
,developer,Developer?,"I am made by Ashraful Haque,Sabbir Hosen ,Mehrab Anin, Shahriar Shafin."
,developer,Developer,"I am made by Ashraful Haque,Sabbir Hosen ,Mehrab Anin, Shahriar Shafin."
21,about_cse,Why should I study CSE ?,CSE means Computer Science Engineering.Computer science is a dynamic and rapidly growing area that has become an integral part of the world that we live in today. Having a degree in this field will provide you with a deep understanding of theories and emerging technologies.
22,about_cse,Why do I have to study CSE?,CSE means Computer Science Engineering.Computer science is a dynamic and rapidly growing area that has become an integral part of the world that we live in today. Having a degree in this field will provide you with a deep understanding of theories and emerging technologies.
23,about_cse,Why should I learn about CSE?,CSE means Computer Science Engineering.Computer science is a dynamic and rapidly growing area that has become an integral part of the world that we live in today. Having a degree in this field will provide you with a deep understanding of theories and emerging technologies.
24,about_cse,What is CSE ?,CSE means Computer Science Engineering.Computer science is a dynamic and rapidly growing area that has become an integral part of the world that we live in today. Having a degree in this field will provide you with a deep understanding of theories and emerging technologies.
26,about_cse,CSE ?,CSE means Computer Science Engineering.Computer science is a dynamic and rapidly growing area that has become an integral part of the world that we live in today. Having a degree in this field will provide you with a deep understanding of theories and emerging technologies.
,,,
27,semester_timing,How many semesters are offered yearly at UAP?,"UAP offers 2 semesters a year: Spring & Fall, and these start in January & July respectively"
28,semester_timing,How many semesters are offered annually at UAP?,"UAP offers 2 semesters a year: Spring & Fall, and these start in January & July respectively"
29,semester_timing,How many semesters are offered every year in UAP?,"UAP offers 2 semesters a year: Spring & Fall, and these start in January & July respectively"
30,semester_timing,How many semesters are offered per year to UAP?,"UAP offers 2 semesters a year: Spring & Fall, and these start in January & July respectively"
,semester_timing,Total semesters in Uap,"UAP offers 2 semesters a year: Spring & Fall, and these start in January & July respectively"
,semester_timing,Total semesters,"UAP offers 2 semesters a year: Spring & Fall, and these start in January & July respectively"
31,,,
32,about_cse_uap,Why to choose Uap For CSE.,"The department of CSE, UAP is striving for a pioneer role in ICT through excellence in education, research and development towards preparing graduates as a global leader with quality education, innovative ideas, extra-curricular activities and collaboration between industry and academia."
33,about_cse_uap,Why CSE at UAP?,"The department of CSE, UAP is striving for a pioneer role in ICT through excellence in education, research and development towards preparing graduates as a global leader with quality education, innovative ideas, extra-curricular activities and collaboration between industry and academia."
,about_cse_uap,Cse at Uap ,"The department of CSE, UAP is striving for a pioneer role in ICT through excellence in education, research and development towards preparing graduates as a global leader with quality education, innovative ideas, extra-curricular activities and collaboration between industry and academia."
34,cse_credit,How many credits do I have to complete for CSE?,Total number of credit for Cse is162 .
35,cse_credit,How many credits are required under the CSE program?,Total number of credit for Cse is162 .
36,cse_credit,How many credits need to be obtained for CSE?,Total number of credit for Cse is162 .
37,cse_credit,How many credits do I need to obtain as part of the CSE program?,Total number of credit for Cse is162 .
,cse_credit,Total credit for CSE,Total number of credit for Cse is162 .
,cse_credit,Total credit ,Total number of credit for Cse is162 .
,,,
,admission_criteria,How apply for admission,"Generally there are two tests with a gap of one month in between. Applicants are allowed to appear in one test only (except some reasonable cases, for which the authority will follow a thorough scrutiny). All exams are conducted within the two months window before the semester class starts. Detailed timing is circulated both in daily newspapers and in our website https://cse.uap-bd.edu/noticeboard/notice/"
38,admission_criteria,How can I apply for Admission?,"Generally there are two tests with a gap of one month in between. Applicants are allowed to appear in one test only (except some reasonable cases, for which the authority will follow a thorough scrutiny). All exams are conducted within the two months window before the semester class starts. Detailed timing is circulated both in daily newspapers and in our website https://cse.uap-bd.edu/noticeboard/notice/"
39,admission_criteria,How can I apply to be admitted?,"Generally there are two tests with a gap of one month in between. Applicants are allowed to appear in one test only (except some reasonable cases, for which the authority will follow a thorough scrutiny). All exams are conducted within the two months window before the semester class starts. Detailed timing is circulated both in daily newspapers and in our website https://cse.uap-bd.edu/noticeboard/notice/"
40,admission_criteria,How do I apply for the program?,"Generally there are two tests with a gap of one month in between. Applicants are allowed to appear in one test only (except some reasonable cases, for which the authority will follow a thorough scrutiny). All exams are conducted within the two months window before the semester class starts. Detailed timing is circulated both in daily newspapers and in our website https://cse.uap-bd.edu/noticeboard/notice/"
41,admission_criteria,How do I apply to get in?,"Generally there are two tests with a gap of one month in between. Applicants are allowed to appear in one test only (except some reasonable cases, for which the authority will follow a thorough scrutiny). All exams are conducted within the two months window before the semester class starts. Detailed timing is circulated both in daily newspapers and in our website https://cse.uap-bd.edu/noticeboard/notice/"
42,online_admission,Do the applicants apply for online admission?,Applicants can apply only online for admission (https://admission.uap-bd.edu/Admission/Home.aspx).
43,online_admission,Do applicants make an application online?,Applicants can apply only online for admission (https://admission.uap-bd.edu/Admission/Home.aspx).
44,online_admission,Are candidates submitting an application online?,Applicants can apply only online for admission (https://admission.uap-bd.edu/Admission/Home.aspx).
45,online_admission,Do candidates request admission online?,Applicants can apply only online for admission (https://admission.uap-bd.edu/Admission/Home.aspx).
,online_admission,admission apply online,Applicants can apply only online for admission (https://admission.uap-bd.edu/Admission/Home.aspx).
,online_admission,admission online,Applicants can apply only online for admission (https://admission.uap-bd.edu/Admission/Home.aspx).
,online_admission,online admission,Applicants can apply only online for admission (https://admission.uap-bd.edu/Admission/Home.aspx).
46,online_admission,Do candidates apply online?,Applicants can apply only online for admission (https://admission.uap-bd.edu/Admission/Home.aspx).
,admission_transfer_student,admission for transfer students,"Credit transfer students from other universities are also considered for admission, however their application is considered case by case, taking into account their previous results and track record and also must pass the admission test if the department requires. The minimum GPA for a course is “B” to be considered as transferable. A transfer student must complete 50% of the required total credit hour in the university to be eligible for a degree from UAP.

For a student who has a study gap of more than two years prior to her/his application for admission is advised to contact directly to the admission office."
47,admission_transfer_student,What is the admission criteria For Transfer Students?,"Credit transfer students from other universities are also considered for admission, however their application is considered case by case, taking into account their previous results and track record and also must pass the admission test if the department requires. The minimum GPA for a course is “B” to be considered as transferable. A transfer student must complete 50% of the required total credit hour in the university to be eligible for a degree from UAP.

For a student who has a study gap of more than two years prior to her/his application for admission is advised to contact directly to the admission office."
48,admission_transfer_student,What are the admission requirements for transfer students?,"Credit transfer students from other universities are also considered for admission, however their application is considered case by case, taking into account their previous results and track record and also must pass the admission test if the department requires. The minimum GPA for a course is “B” to be considered as transferable. A transfer student must complete 50% of the required total credit hour in the university to be eligible for a degree from UAP.

For a student who has a study gap of more than two years prior to her/his application for admission is advised to contact directly to the admission office."
49,admission_transfer_student,What are the entrance requirements for transfer students?,"Credit transfer students from other universities are also considered for admission, however their application is considered case by case, taking into account their previous results and track record and also must pass the admission test if the department requires. The minimum GPA for a course is “B” to be considered as transferable. A transfer student must complete 50% of the required total credit hour in the university to be eligible for a degree from UAP.

For a student who has a study gap of more than two years prior to her/his application for admission is advised to contact directly to the admission office."
50,admission_transfer_student,What are the admission criteria for transferees?,"Credit transfer students from other universities are also considered for admission, however their application is considered case by case, taking into account their previous results and track record and also must pass the admission test if the department requires. The minimum GPA for a course is “B” to be considered as transferable. A transfer student must complete 50% of the required total credit hour in the university to be eligible for a degree from UAP.

For a student who has a study gap of more than two years prior to her/his application for admission is advised to contact directly to the admission office."
51,admission_transfer_student,What are the eligibility criteria for transfer students?,"Credit transfer students from other universities are also considered for admission, however their application is considered case by case, taking into account their previous results and track record and also must pass the admission test if the department requires. The minimum GPA for a course is “B” to be considered as transferable. A transfer student must complete 50% of the required total credit hour in the university to be eligible for a degree from UAP.

For a student who has a study gap of more than two years prior to her/his application for admission is advised to contact directly to the admission office."
52,admission_transfer_student,Is the application process the same for transfer students?,"Credit transfer students from other universities are also considered for admission, however their application is considered case by case, taking into account their previous results and track record and also must pass the admission test if the department requires. The minimum GPA for a course is “B” to be considered as transferable. A transfer student must complete 50% of the required total credit hour in the university to be eligible for a degree from UAP.

For a student who has a study gap of more than two years prior to her/his application for admission is advised to contact directly to the admission office."
53,admission_transfer_student,Is there a similar application process for transfer students?,"Credit transfer students from other universities are also considered for admission, however their application is considered case by case, taking into account their previous results and track record and also must pass the admission test if the department requires. The minimum GPA for a course is “B” to be considered as transferable. A transfer student must complete 50% of the required total credit hour in the university to be eligible for a degree from UAP.

For a student who has a study gap of more than two years prior to her/his application for admission is advised to contact directly to the admission office."
54,admission_international_student,What is the admission criteria For international Students?,"It is necessary for a prospective student from abroad to demonstrate commitment and readiness to operate in a different cultural context. The selection process is relatively similar, with options of submitting the necessary documents online. All documents must be translated in English and attested by legal authorities. The applicant must fulfill if the department asks for some special documents (i/e Portfolio, recommendation letter etc.) or interview (via Skype or telephone). For further information please contact directly to the links below.
"
55,admission_international_student,What are the admission requirements for international students?,"It is necessary for a prospective student from abroad to demonstrate commitment and readiness to operate in a different cultural context. The selection process is relatively similar, with options of submitting the necessary documents online. All documents must be translated in English and attested by legal authorities. The applicant must fulfill if the department asks for some special documents (i/e Portfolio, recommendation letter etc.) or interview (via Skype or telephone). For further information please contact directly to the links below.
"
56,admission_international_student,What are the entrance requirements for international students?,"It is necessary for a prospective student from abroad to demonstrate commitment and readiness to operate in a different cultural context. The selection process is relatively similar, with options of submitting the necessary documents online. All documents must be translated in English and attested by legal authorities. The applicant must fulfill if the department asks for some special documents (i/e Portfolio, recommendation letter etc.) or interview (via Skype or telephone). For further information please contact directly to the links below.
"
58,admission_international_student,What are the eligibility criteria for international students?,"It is necessary for a prospective student from abroad to demonstrate commitment and readiness to operate in a different cultural context. The selection process is relatively similar, with options of submitting the necessary documents online. All documents must be translated in English and attested by legal authorities. The applicant must fulfill if the department asks for some special documents (i/e Portfolio, recommendation letter etc.) or interview (via Skype or telephone). For further information please contact directly to the links below.
"
59,admission_international_student,Is the application process the same for international students?,"It is necessary for a prospective student from abroad to demonstrate commitment and readiness to operate in a different cultural context. The selection process is relatively similar, with options of submitting the necessary documents online. All documents must be translated in English and attested by legal authorities. The applicant must fulfill if the department asks for some special documents (i/e Portfolio, recommendation letter etc.) or interview (via Skype or telephone). For further information please contact directly to the links below.
"
,admission_international_student,admission for international students,"It is necessary for a prospective student from abroad to demonstrate commitment and readiness to operate in a different cultural context. The selection process is relatively similar, with options of submitting the necessary documents online. All documents must be translated in English and attested by legal authorities. The applicant must fulfill if the department asks for some special documents (i/e Portfolio, recommendation letter etc.) or interview (via Skype or telephone). For further information please contact directly to the links below.
"
60,admission_international_student,Is there a similar application process for international students?,"It is necessary for a prospective student from abroad to demonstrate commitment and readiness to operate in a different cultural context. The selection process is relatively similar, with options of submitting the necessary documents online. All documents must be translated in English and attested by legal authorities. The applicant must fulfill if the department asks for some special documents (i/e Portfolio, recommendation letter etc.) or interview (via Skype or telephone). For further information please contact directly to the links below.
"
,admission_requirement_undergarudate,admission requirement,"Minimum GPA Requirements:
Total GPA in SSC & HSC = 7.50
Total GPA in O & A level=7.50
(Candidates with minimum GPA of 2.5 in five subjects in O level and two subjects in A level).

Subject Requirements:
Students must have Physics, Mathematics in HSC (or equivalent) and Chemistry either in SSC or HSC (or equivalent)."
,admission_requirement_undergarudate,cse admission requirements,"Minimum GPA Requirements:
Total GPA in SSC & HSC = 7.50
Total GPA in O & A level=7.50
(Candidates with minimum GPA of 2.5 in five subjects in O level and two subjects in A level).

Subject Requirements:
Students must have Physics, Mathematics in HSC (or equivalent) and Chemistry either in SSC or HSC (or equivalent)."
,admission_requirement_undergarudate,undergraduate admission requirements,"Minimum GPA Requirements:
Total GPA in SSC & HSC = 7.50
Total GPA in O & A level=7.50
(Candidates with minimum GPA of 2.5 in five subjects in O level and two subjects in A level).

Subject Requirements:
Students must have Physics, Mathematics in HSC (or equivalent) and Chemistry either in SSC or HSC (or equivalent)."
,admission_requirement_undergarudate,admission needs,"Minimum GPA Requirements:
Total GPA in SSC & HSC = 7.50
Total GPA in O & A level=7.50
(Candidates with minimum GPA of 2.5 in five subjects in O level and two subjects in A level).

Subject Requirements:
Students must have Physics, Mathematics in HSC (or equivalent) and Chemistry either in SSC or HSC (or equivalent)."
61,admission_requirement_undergarudate,What are the requirements to apply for CSE in Undergraduate level?,"Minimum GPA Requirements:
Total GPA in SSC & HSC = 7.50
Total GPA in O & A level=7.50
(Candidates with minimum GPA of 2.5 in five subjects in O level and two subjects in A level).

Subject Requirements:
Students must have Physics, Mathematics in HSC (or equivalent) and Chemistry either in SSC or HSC (or equivalent)."
62,admission_requirement_undergarudate,What are the requirements to apply for CSE at undergraduate level?,"Minimum GPA Requirements:
Total GPA in SSC & HSC = 7.50
Total GPA in O & A level=7.50
(Candidates with minimum GPA of 2.5 in five subjects in O level and two subjects in A level).

Subject Requirements:
Students must have Physics, Mathematics in HSC (or equivalent) and Chemistry either in SSC or HSC (or equivalent)."
63,admission_requirement_undergarudate,What are your undergraduate CSE requirements?,"Minimum GPA Requirements:
Total GPA in SSC & HSC = 7.50
Total GPA in O & A level=7.50
(Candidates with minimum GPA of 2.5 in five subjects in O level and two subjects in A level).

Subject Requirements:
Students must have Physics, Mathematics in HSC (or equivalent) and Chemistry either in SSC or HSC (or equivalent)."
64,admission_reuirement_undergarudate,What are the entry-level CSE requirements?,"Minimum GPA Requirements:
Total GPA in SSC & HSC = 7.50
Total GPA in O & A level=7.50
(Candidates with minimum GPA of 2.5 in five subjects in O level and two subjects in A level).

Subject Requirements:
Students must have Physics, Mathematics in HSC (or equivalent) and Chemistry either in SSC or HSC (or equivalent)."
65,admission_requirement_undergarudate,What are the requirements of undergraduate CSEs?,"Minimum GPA Requirements:
Total GPA in SSC & HSC = 7.50
Total GPA in O & A level=7.50
(Candidates with minimum GPA of 2.5 in five subjects in O level and two subjects in A level).

Subject Requirements:
Students must have Physics, Mathematics in HSC (or equivalent) and Chemistry either in SSC or HSC (or equivalent)."
,admission_requirement_garudate,masters admission requirements,"SSC, HSC & Graduation Requirements
One 1st class/ 1st Division
50% Marks or CGPA 2.50 out of 4.00 in B. Sc Engineering
Must not have 3rd Division/ class in any public examination"
,admission_requirement_garudate,graduation admission requirements,"SSC, HSC & Graduation Requirements
One 1st class/ 1st Division
50% Marks or CGPA 2.50 out of 4.00 in B. Sc Engineering
Must not have 3rd Division/ class in any public examination"
66,admission_requirement_garudate,What are the requirements to apply for CSE in graduate level?,"SSC, HSC & Graduation Requirements
One 1st class/ 1st Division
50% Marks or CGPA 2.50 out of 4.00 in B. Sc Engineering
Must not have 3rd Division/ class in any public examination"
67,admission_requirement_garudate,What are the requirements to apply for CSE at graduate level?,"SSC, HSC & Graduation Requirements
One 1st class/ 1st Division
50% Marks or CGPA 2.50 out of 4.00 in B. Sc Engineering
Must not have 3rd Division/ class in any public examination"
68,admission_requirement_garudate,What are your graduate CSE requirements?,"SSC, HSC & Graduation Requirements
One 1st class/ 1st Division
50% Marks or CGPA 2.50 out of 4.00 in B. Sc Engineering
Must not have 3rd Division/ class in any public examination"
69,admission_requirement_garudate,What are the post-level CSE requirements?,"SSC, HSC & Graduation Requirements
One 1st class/ 1st Division
50% Marks or CGPA 2.50 out of 4.00 in B. Sc Engineering
Must not have 3rd Division/ class in any public examination"
70,admission_requirement_garudate,What are the requirements of graduate CSEs?,"SSC, HSC & Graduation Requirements
One 1st class/ 1st Division
50% Marks or CGPA 2.50 out of 4.00 in B. Sc Engineering
Must not have 3rd Division/ class in any public examination"
71,,,
72,dept_head,Who is the department Head ?,Dr. Md. Rajibul Islam Is the head of department of Computer Science and Engineering .For more details please visit https://cse.uap-bd.edu/faculty/faculty_details/1
73,dept_head,Who's in charge here?,Dr. Md. Rajibul Islam Is the head of department of Computer Science and Engineering .For more details please visit https://cse.uap-bd.edu/faculty/faculty_details/1
74,dept_head,Who's in charge of the department?,Dr. Md. Rajibul Islam Is the head of department of Computer Science and Engineering .For more details please visit https://cse.uap-bd.edu/faculty/faculty_details/1
75,dept_head,Who is the head of service?,Dr. Md. Rajibul Islam Is the head of department of Computer Science and Engineering .For more details please visit https://cse.uap-bd.edu/faculty/faculty_details/1
76,dept_head,Department Head ,Dr. Md. Rajibul Islam Is the head of department of Computer Science and Engineering .For more details please visit https://cse.uap-bd.edu/faculty/faculty_details/1
,dept_head,Head of department,Dr. Md. Rajibul Islam Is the head of department of Computer Science and Engineering .For more details please visit https://cse.uap-bd.edu/faculty/faculty_details/1
,dept_faculty,faculty members,"We have many faculty members with us. To learn more, visit https://cse.uap-bd.edu/faculty/faculties_list/"
,dept_faculty,cse department teachers,We have a good number of faculty with us .For more details visit https://cse.uap-bd.edu/faculty/faculties_list/
,dept_faculty,faculty,"We have many faculty members with us. To learn more, visit https://cse.uap-bd.edu/faculty/faculties_list/"
,dept_faculty,our faculty,We have a good number of faculty with us .For more details visit https://cse.uap-bd.edu/faculty/faculties_list/
,dept_faculty,CSE teachers,We have a good number of faculty with us .For more details visit https://cse.uap-bd.edu/faculty/faculties_list/
77,dept_faculty,What are the faculty members of CSE?,We have a good number of faculty with us .For more details visit https://cse.uap-bd.edu/faculty/faculties_list/
78,dept_faculty,Whom are the CSE faculty members?,"We have many faculty members with us. To learn more, visit https://cse.uap-bd.edu/faculty/faculties_list/"
79,dept_faculty,Who are the CSE teachers?,"We have lots of professors with us. For more information, visit https://cse.uap-bd.edu/faculty/faculties_list/"
80,dept_faculty,Who are the CSE professors?,We have a good number of faculty with us .For more details visit https://cse.uap-bd.edu/faculty/faculties_list/
81,dept_faculty,Who are CSE's academic staff?,We have a good number of faculty with us .For more details visit https://cse.uap-bd.edu/faculty/faculties_list/
82,dept_faculty,Who are the faculty at CSE?,We have a good number of faculty with us .For more details visit https://cse.uap-bd.edu/faculty/faculties_list/
83,,,
84,class_routine,How do I find the CSE classroom routine?,Here you can find all the Class routine .Visit https://cse.uap-bd.edu/routine/classroutine/
85,class_routine,Where can i find class routine of CSE ?,Here you can find all the Class routine .Visit https://cse.uap-bd.edu/routine/classroutine/
86,class_routine,Where can I find the CSE classroom routine?,Here you can find all the Class routine .Visit https://cse.uap-bd.edu/routine/classroutine/
,class_routine,Classroom Routine ?,Here you can find all the Class routine .Visit https://cse.uap-bd.edu/routine/classroutine/
87,class_routine,class routine,Here you can find all the Class routine .Visit https://cse.uap-bd.edu/routine/classroutine/
88,dept_academic_calender,Where can I find an education calendar?,Here you can find the academic Calendar .Visit https://cse.uap-bd.edu/routine/academic/
89,dept_academic_calender,How do I find an academic calendar?,Here you can find the academic Calendar .Visit https://cse.uap-bd.edu/routine/academic/
90,dept_academic_calender,Where can I get an educational calendar?,Here you can find the academic Calendar .Visit https://cse.uap-bd.edu/routine/academic/
91,dept_academic_calender,academic calendar ?,Here you can find the academic Calendar .Visit https://cse.uap-bd.edu/routine/academic/
92,dept_academic_calender,calendar,Here you can find the academic Calendar .Visit https://cse.uap-bd.edu/routine/academic/
93,dept_notice,Where can I find a notice board?,Here you can find the Notice Board .Visit  https://cse.uap-bd.edu/noticeboard/notice/
94,dept_notice,Notice board ?,Here you can find the Notice Board .Visit https://cse.uap-bd.edu/noticeboard/notice/
95,dept_notice,Notice ?,Here you can find the Notice Board .Visit  https://cse.uap-bd.edu/noticeboard/notice/
96,,,
97,club_s&h,What about Software & Hardware Club?,"The only devoted club for the betterment of students of CSE, UAP Software and Hardware Club. This club directly works for student's advancement in the hardware and software sectors. We conduct different sorts of events by those students who practice their software and hardware skills. Visit https://snhclub.org/"
98,club_s&h,What is Software & Hardware Club ?,"The only devoted club for the betterment of students of CSE, UAP Software and Hardware Club. This club directly works for student's advancement in the hardware and software sectors. We conduct different sorts of events by those students who practice their software and hardware skills. Visit https://snhclub.org/"
99,club_s&h,About Software & Hardware Club?,"The only devoted club for the betterment of students of CSE, UAP Software and Hardware Club. This club directly works for student's advancement in the hardware and software sectors. We conduct different sorts of events by those students who practice their software and hardware skills. Visit https://snhclub.org/"
100,club_s&h,Software & Hardware Club,"The only devoted club for the betterment of students of CSE, UAP Software and Hardware Club. This club directly works for student's advancement in the hardware and software sectors. We conduct different sorts of events by those students who practice their software and hardware skills. Visit https://snhclub.org/"
101,,,
102,club_pcc,What about Programming Contest Club?,Programming Contest Club is most expensive club in UAP. Visit for more details https://cse.uap-bd.edu/clubs/club/Programming%20Contest%20Club
103,club_pcc,What is Programming Contest Club ?,Programming Contest Club is most expensive club in UAP. Visit for more details https://cse.uap-bd.edu/clubs/club/Programming%20Contest%20Club
104,club_pcc,About Programming Contest Club?,Programming Contest Club is most expensive club in UAP. Visit for more details https://cse.uap-bd.edu/clubs/club/Programming%20Contest%20Club
105,club_pcc,Programming Contest Club,Programming Contest Club is most expensive club in UAP. Visit for more details https://cse.uap-bd.edu/clubs/club/Programming%20Contest%20Club
106,,,
107,club_fpc,What about Film & Photography Club?,"FPC has been inaugurated in 27 March, 2017. This club is created to give a platform to the students who are interested in photography and film making.visit https://fpccse.tk/"
108,club_fpc,What is Film & Photography Club ?,"FPC has been inaugurated in 27 March, 2017. This club is created to give a platform to the students who are interested in photography and film making.visit https://fpccse.tk/"
109,club_fpc,About Film & Photography Club?,"FPC has been inaugurated in 27 March, 2017. This club is created to give a platform to the students who are interested in photography and film making.visit https://fpccse.tk/"
110,club_fpc,Film & Photography Club,"FPC has been inaugurated in 27 March, 2017. This club is created to give a platform to the students who are interested in photography and film making.visit https://fpccse.tk/"
111,,,
112,club_cdc,What about Career Development Club?,"Every semester, this club organizes different seminars and workshops to help the students prepare themselves for the future professional life which they are going to choose. https://cse.uap-bd.edu/clubs/club/Career%20Development%20Club"
113,club_cdc,What is Career Development Club ?,"Every semester, this club organizes different seminars and workshops to help the students prepare themselves for the future professional life which they are going to choose.https://cse.uap-bd.edu/clubs/club/Career%20Development%20Club"
114,club_cdc,About Career Development Club?,"Every semester, this club organizes different seminars and workshops to help the students prepare themselves for the future professional life which they are going to choose.https://cse.uap-bd.edu/clubs/club/Career%20Development%20Club"
115,club_cdc,Career Development Club,"Every semester, this club organizes different seminars and workshops to help the students prepare themselves for the future professional life which they are going to choose.https://cse.uap-bd.edu/clubs/club/Career%20Development%20Club"
116,,,
117,culb_ccc,What about CSE Cultural Club?,"The Cultural Club is formed with the aim to create an environment of creativity and cultural prospects in dept. of CSE, University of Asia Pacific. It arranges different cultural programs to improve communication, creativity, patriotism and different skills of the students. visit https://www.cseculturalclub.ga/"
118,culb_ccc,What is CSE Cultural Club ?,"The Cultural Club is formed with the aim to create an environment of creativity and cultural prospects in dept. of CSE, University of Asia Pacific. It arranges different cultural programs to improve communication, creativity, patriotism and different skills of the students. visit https://www.cseculturalclub.ga/"
119,culb_ccc,About CSE Cultural Club?,"The Cultural Club is formed with the aim to create an environment of creativity and cultural prospects in dept. of CSE, University of Asia Pacific. It arranges different cultural programs to improve communication, creativity, patriotism and different skills of the students. visit https://www.cseculturalclub.ga/"
120,culb_ccc,CSE Cultural Club,"The Cultural Club is formed with the aim to create an environment of creativity and cultural prospects in dept. of CSE, University of Asia Pacific. It arranges different cultural programs to improve communication, creativity, patriotism and different skills of the students. visit https://www.cseculturalclub.ga/"
121,,,
122,club_mc,What about Math Club?,Math Club deals with the competitive mathematical problem solving. Members of this club will be guided and inspired for mathematics competition and programming contest.https://cse.uap-bd.edu/clubs/club/Math%20Club
123,club_mc,What is Math Club ?,Math Club deals with the competitive mathematical problem solving. Members of this club will be guided and inspired for mathematics competition and programming contest.https://cse.uap-bd.edu/clubs/club/Math%20Club
124,club_mc,About Math Club?,Math Club deals with the competitive mathematical problem solving. Members of this club will be guided and inspired for mathematics competition and programming contest.https://cse.uap-bd.edu/clubs/club/Math%20Club
125,club_mc,Math Club,Math Club deals with the competitive mathematical problem solving. Members of this club will be guided and inspired for mathematics competition and programming contest.https://cse.uap-bd.edu/clubs/club/Math%20Club
126,,,
127,club_sc,What about Math Club?,We (Sports Club) manage and organise various sports Events for our Department. Our Activities are- * Badminton Tournament * Cricket Tournament * Indoor Sports Tournament * Gaming Tournament * Football Tournament visit https://cse.uap-bd.edu/clubs/club/Sports%20Club
128,club_sc,What is Math Club ?,We (Sports Club) manage and organise various sports Events for our Department. Our Activities are- * Badminton Tournament * Cricket Tournament * Indoor Sports Tournament * Gaming Tournament * Football Tournament visit https://cse.uap-bd.edu/clubs/club/Sports%20Club
129,club_sc,About Math Club?,We (Sports Club) manage and organise various sports Events for our Department. Our Activities are- * Badminton Tournament * Cricket Tournament * Indoor Sports Tournament * Gaming Tournament * Football Tournament visit https://cse.uap-bd.edu/clubs/club/Sports%20Club
130,club_sc,Math Club,We (Sports Club) manage and organise various sports Events for our Department. Our Activities are- * Badminton Tournament * Cricket Tournament * Indoor Sports Tournament * Gaming Tournament * Football Tournament visit https://cse.uap-bd.edu/clubs/club/Sports%20Club
131,,,
132,club_csc,What about Cyber Security Club?,UAP Cyber Security Club aims to develop students’ skills in cyber security. UAP Cyber Security club conduct training programs for students to prepare them to develop different attractive Cyber Security projects. visit https://cse.uap-bd.edu/clubs/club/Cyber%20Security%20Club
133,club_csc,What is Cyber Security Club ?,UAP Cyber Security Club aims to develop students’ skills in cyber security. UAP Cyber Security club conduct training programs for students to prepare them to develop different attractive Cyber Security projects. visit https://cse.uap-bd.edu/clubs/club/Cyber%20Security%20Club
134,club_csc,About Cyber Security Club?,UAP Cyber Security Club aims to develop students’ skills in cyber security. UAP Cyber Security club conduct training programs for students to prepare them to develop different attractive Cyber Security projects. visit https://cse.uap-bd.edu/clubs/club/Cyber%20Security%20Club
135,club_csc,Cyber Security Club,UAP Cyber Security Club aims to develop students’ skills in cyber security. UAP Cyber Security club conduct training programs for students to prepare them to develop different attractive Cyber Security projects. visit https://cse.uap-bd.edu/clubs/club/Cyber%20Security%20Club
136,,,
137,bsc_curriculum,How can i find bsc curriculum,Here you can find the BSc Curriculum .Visit https://cse.uap-bd.edu/academic/curriculum_bsc_new/
138,bsc_curriculum,bsc curriculum,Here you can find the BSc Curriculum .Visit https://cse.uap-bd.edu/academic/curriculum_bsc_new/
139,bsc_curriculum,what is your bsc curriculum,Here you can find the BSc Curriculum .Visit https://cse.uap-bd.edu/academic/curriculum_bsc_new/
140,bsc_curriculum,Where can i find bsc curriculum,
141,msc_curriculum,How can i find msc curriculum,Here you can find the MSc Curriculum .Visit https://cse.uap-bd.edu/academic/curriculum_msc/
142,msc_curriculum,msc curriculum,Here you can find the MSc Curriculum .Visit https://cse.uap-bd.edu/academic/curriculum_msc/
143,msc_curriculum,what is your msc curriculum,Here you can find the MSc Curriculum .Visit https://cse.uap-bd.edu/academic/curriculum_msc/
144,,,
145,uap_address,What is Uap's address?,"74/A , Green Road , Dhaka - 1205, Bangladesh
Telephone: +8802-48114140 PABX: +8802-58157091-4,
+8802-58157096 (Ext - 210,211,212,215) FAX:+8802-58157097
Cell: +8801731681081, +8801768544208. +8801714088321
+8801789050383
Email: admission@uap-bd.edu"
146,uap_address,Where is Uap's address ?,"74/A , Green Road , Dhaka - 1205, Bangladesh
Telephone: +8802-48114140 PABX: +8802-58157091-4,
+8802-58157096 (Ext - 210,211,212,215) FAX:+8802-58157097
Cell: +8801731681081, +8801768544208. +8801714088321
+8801789050383
Email: admission@uap-bd.edu"
147,uap_address,What's the location of uap ?,"74/A , Green Road , Dhaka - 1205, Bangladesh
Telephone: +8802-48114140 PABX: +8802-58157091-4,
+8802-58157096 (Ext - 210,211,212,215) FAX:+8802-58157097
Cell: +8801731681081, +8801768544208. +8801714088321
+8801789050383
Email: admission@uap-bd.edu"
148,uap_address,What is Uap's address?,"74/A , Green Road , Dhaka - 1205, Bangladesh
Telephone: +8802-48114140 PABX: +8802-58157091-4,
+8802-58157096 (Ext - 210,211,212,215) FAX:+8802-58157097
Cell: +8801731681081, +8801768544208. +8801714088321
+8801789050383
Email: admission@uap-bd.edu"
149,uap_address,University of asia pacific address ?,"74/A , Green Road , Dhaka - 1205, Bangladesh
Telephone: +8802-48114140 PABX: +8802-58157091-4,
+8802-58157096 (Ext - 210,211,212,215) FAX:+8802-58157097
Cell: +8801731681081, +8801768544208. +8801714088321
+8801789050383
Email: admission@uap-bd.edu"
150,uap_address,Address of uap?,"74/A , Green Road , Dhaka - 1205, Bangladesh
Telephone: +8802-48114140 PABX: +8802-58157091-4,
+8802-58157096 (Ext - 210,211,212,215) FAX:+8802-58157097
Cell: +8801731681081, +8801768544208. +8801714088321
+8801789050383
Email: admission@uap-bd.edu"
151,uap_address,uap address,"74/A , Green Road , Dhaka - 1205, Bangladesh
Telephone: +8802-48114140 PABX: +8802-58157091-4,
+8802-58157096 (Ext - 210,211,212,215) FAX:+8802-58157097
Cell: +8801731681081, +8801768544208. +8801714088321
+8801789050383
Email: admission@uap-bd.edu"
152,uap_payment,How can i payment uap fees ?,You can find all details https://www.uap-bd.edu/notice/pay_option.pdf
,uap_payment,How do I pay for UAP fees?,You can find all details https://www.uap-bd.edu/notice/pay_option.pdf
,uap_payment,Payment ?,You can find all details https://www.uap-bd.edu/notice/pay_option.pdf
153,uap_payment,Payment ,You can find all details https://www.uap-bd.edu/notice/pay_option.pdf
,uap_payment,Payment method,You can find all details https://www.uap-bd.edu/notice/pay_option.pdf
154,admission_test_waiver,What is the procedure to get waiver the admission test?,Here you can find the details about admission waiver .Visit https://cse.uap-bd.edu/waiver/
,,,
,cse_Tuition_Fee,Tuition fees,"Tuition fees for Undergraduate | Graduate here,https://cse.uap-bd.edu/tuition_fee/"
,cse_Tuition_Fee,Tuition fees for cse,"Tuition fees for Undergraduate | Graduate here,https://cse.uap-bd.edu/tuition_fee/"
,cse_Tuition_Fee,Total Tution fees ,"Tuition fees for Undergraduate | Graduate here,https://cse.uap-bd.edu/tuition_fee/"
,cse_Tuition_Fee,Total Tuition fees for Cse,"Tuition fees for Undergraduate | Graduate here,https://cse.uap-bd.edu/tuition_fee/"
,cse_Tuition_Fee,Undergraduate tuition fees,"Tuition fees for Undergraduate | Graduate here,https://cse.uap-bd.edu/tuition_fee/"
,cse_Tuition_Fee,Graduate tuition fees,"Tuition fees for Undergraduate | Graduate here,https://cse.uap-bd.edu/tuition_fee/"
,,,
155,admission_test_waiver,How do I obtain a waiver of the admission test?,Here you can find the details about admission waiver .Visit https://cse.uap-bd.edu/waiver/
156,admission_test_waiver,Waiver for new students,Here you can find the details about admission waiver .Visit https://cse.uap-bd.edu/waiver/
157,current_student_waiver,What is the procedure to get waiver in a semester?,Here you can find the details about waiver .Visit https://cse.uap-bd.edu/waiver/
158,current_student_waiver,What is the process for getting waived in a semester?,Here you can find the details about waiver .Visit https://cse.uap-bd.edu/waiver/
159,current_student_waiver,What is the procedure to obtain an exemption in one semester?,Here you can find the details about waiver .Visit https://cse.uap-bd.edu/waiver/
160,current_student_waiver,What is the procedure for getting waiver within one semester?,Here you can find the details about waiver .Visit https://cse.uap-bd.edu/waiver/
161,current_student_waiver,How do you get a waiver in a semester?,Here you can find the details about waiver .Visit https://cse.uap-bd.edu/waiver/
162,current_student_waiver,Waiver for current students,Here you can find the details about waiver .Visit https://cse.uap-bd.edu/waiver/
163,poor_student_waiver,Is there any waiver system for poor students,Here you can find the details about poor fund .Visit https://cse.uap-bd.edu/waiver/
164,poor_student_waiver,Is there a waiver system for poor students?,Here you can find the details about poor fund .Visit https://cse.uap-bd.edu/waiver/
165,poor_student_waiver,Is there a waiver system for low-income students?,Here you can find the details about poor fund .Visit https://cse.uap-bd.edu/waiver/
166,poor_student_waiver,Is there a system of giving up for students in poverty?,Here you can find the details about poor fund .Visit https://cse.uap-bd.edu/waiver/
167,poor_student_waiver,Is there some kind of renunciation system for poor students?,Here you can find the details about poor fund .Visit https://cse.uap-bd.edu/waiver/
168,mission_outcomes,What is your mission & outcomes,Here you can find the outcome & mission of our department .Visit  https://cse.uap-bd.edu/academic/mission_outcome/
169,,,
170,admission_result,Where can i find admission result ?,Here you can find the result .Visit https://cse.uap-bd.edu/result/
,admission_result,Where can I find the admission score?,Here you can find the result .Visit https://cse.uap-bd.edu/result/
,admission_result,How can I find the result of admission?,Here you can find the result .Visit https://cse.uap-bd.edu/result/
,admission_result,Where may I find the result of admission?,Here you can find the result .Visit https://cse.uap-bd.edu/result/
,admission_result,Where can I get the admission result?,Here you can find the result .Visit https://cse.uap-bd.edu/result/
171,admission_result, Admission result,Here you can find the result .Visit https://cse.uap-bd.edu/result/
,admission_result,Cse result,Here you can find the result .Visit https://cse.uap-bd.edu/result/
,admission_result,Cse admission result ,Here you can find the result .Visit https://cse.uap-bd.edu/result/
,,,
173,answer_my_question,I want you to answer me,I'm not programmed for that exact question. Try asking another way?
174,answer_my_question,I want you to answer my question,Can you try asking it a different way?
175,answer_my_question,answer,I'm not programmed for that exact question. Try asking another way?
176,answer_my_question,answer it,I'm not programmed for that exact question. Try asking another way?
177,answer_my_question,answer me,I'm not programmed for that exact question. Try asking another way?
178,answer_my_question,answer my question,Can you try asking it a different way?
179,answer_my_question,answer the question,I'm not programmed for that exact question. Try asking another way?
180,answer_my_question,answering questions,I'm not programmed for that exact question. Try asking another way?
181,answer_my_question,answers,Can you try asking it a different way?
182,answer_my_question,can you answer,Can you try asking it a different way?
183,answer_my_question,can you answer a question for me,I'm not programmed for that exact question. Try asking another way?
184,answer_my_question,can you answer me,I'm not programmed for that exact question. Try asking another way?
185,answer_my_question,can you answer my question,Can you try asking it a different way?
186,answer_my_question,give me an answer,Can you try asking it a different way?
187,answer_my_question,give me the answer,I'm not programmed for that exact question. Try asking another way?
188,answer_my_question,just answer my question,Can you try asking it a different way?
189,answer_my_question,just answer the question,Can you try asking it a different way?
190,answer_my_question,tell me the answer,I'm not programmed for that exact question. Try asking another way?
191,,,
192,friend,I am your friend,Of course we are.
193,friend,I want to be your friend,Absolutely. You don't have to ask.
194,friend,I want to have a friend like you,Absolutely. You don't have to ask.
195,friend,I want you to be my friend,Absolutely. You don't have to ask.
196,friend,are we best friends,Of course we are.
197,friend,are we friends,Absolutely. You don't have to ask.
198,friend,are we still friends,Absolutely. You don't have to ask.
199,friend,are you my best friend,Absolutely. You don't have to ask.
200,friend,are you my friend,Of course we are.
201,friend,be my best friend,Absolutely. You don't have to ask.
202,friend,be my friend,Absolutely. You don't have to ask.
203,friend,can we be best friends,Absolutely. You don't have to ask.
204,friend,can we be best friends,Of course we are.
205,friend,can we be friends,Absolutely. You don't have to ask.
206,friend,can you be my best friend,Of course we are.
207,friend,can you be my friend,Absolutely. You don't have to ask.
208,friend,could you be my friend,Of course we are.
209,friend,do you want to be my best friend,Absolutely. You don't have to ask.
210,friend,do you want to be my friend,Of course we are.
211,friend,let's be friends,Absolutely. You don't have to ask.
212,friend,want to be my friend,Of course we are.
213,friend,we are best friends,Absolutely. You don't have to ask.
214,friend,we are friends,Of course we are.
215,friend,we are the best friends ever,Absolutely. You don't have to ask.
216,friend,will you be my best friend,Of course we are.
217,friend,will you be my friend,Absolutely. You don't have to ask.
218,friend,would you be my friend,Of course we are.
219,friend,would you like to be my friend,Of course we are.
220,friend,you and me are friends,Absolutely. You don't have to ask.
221,friend,you are a good friend,Of course we are.
222,friend,you are my best friend,Absolutely. You don't have to ask.
223,friend,you are my bestie,Absolutely. You don't have to ask.
224,friend,you are my friend,Of course we are.
225,friend,you are my good friend,Absolutely. You don't have to ask.
226,friend,you are my only friend,Absolutely. You don't have to ask.
227,friend,you're my childhood friend,Of course we are.
228,friend,you're my dear friend,Absolutely. You don't have to ask.
229,,,
230,bad,I'm afraid,Oh no. Hope it's not too bad.
231,bad,abysmal,I'm sorry. Please let me know if I can help in some way
232,bad,bad,I'm sorry. Please let me know if I can help in some way
233,bad,bad girl,I'm sorry. Please let me know if I can help in some way
234,bad,bad idea,I'm sorry. Please let me know if I can help in some way
235,bad,bad very,Oh no. Hope it's not too bad.
236,bad,horrible,I'm sorry. Please let me know if I can help in some way
237,bad,horrific,Oh no. Hope it's not too bad.
238,bad,it is bad,I'm sorry. Please let me know if I can help in some way
239,bad,it is too bad,Oh no. Hope it's not too bad.
240,bad,it's bad,I'm sorry. Please let me know if I can help in some way
241,bad,it's not good,Oh no. Hope it's not too bad.
242,bad,it's not so good,I'm sorry. Please let me know if I can help in some way
243,bad,it's really bad,Oh no. Hope it's not too bad.
244,bad,it's so bad,Oh no. Hope it's not too bad.
245,bad,it's too bad,I'm sorry. Please let me know if I can help in some way
246,bad,it's very bad,I'm sorry. Please let me know if I can help in some way
247,bad,no good,Oh no. Hope it's not too bad.
248,bad,not a good one,I'm sorry. Please let me know if I can help in some way
249,bad,not good,Oh no. Hope it's not too bad.
250,bad,not good enough,I'm sorry. Please let me know if I can help in some way
251,bad,not so good,I'm sorry. Please let me know if I can help in some way
252,bad,not too good,I'm sorry. Please let me know if I can help in some way
253,bad,oh that's not good,Oh no. Hope it's not too bad.
254,bad,pretty bad,I'm sorry. Please let me know if I can help in some way
255,bad,really bad,I'm sorry. Please let me know if I can help in some way
256,bad,so bad,Oh no. Hope it's not too bad.
257,bad,so lame,I'm sorry. Please let me know if I can help in some way
258,bad,terrible,I'm sorry. Please let me know if I can help in some way
259,bad,that is bad,Oh no. Hope it's not too bad.
260,bad,that was awful,I'm sorry. Please let me know if I can help in some way
261,bad,that was bad,Oh no. Hope it's not too bad.
262,bad,that was horrible,I'm sorry. Please let me know if I can help in some way
263,bad,that was lame,Oh no. Hope it's not too bad.
264,bad,that was not good,I'm sorry. Please let me know if I can help in some way
265,bad,that was terrible,Oh no. Hope it's not too bad.
266,bad,that's bad,I'm sorry. Please let me know if I can help in some way
267,bad,that's lame,I'm sorry. Please let me know if I can help in some way
268,bad,that's not good,I'm sorry. Please let me know if I can help in some way
269,bad,that's not good enough,Oh no. Hope it's not too bad.
270,bad,that's really bad,I'm sorry. Please let me know if I can help in some way
271,bad,that's terrible,I'm sorry. Please let me know if I can help in some way
272,bad,that's too bad,I'm sorry. Please let me know if I can help in some way
273,bad,this is bad,Oh no. Hope it's not too bad.
274,bad,this is not good,Oh no. Hope it's not too bad.
275,bad,this is too bad,I'm sorry. Please let me know if I can help in some way
276,bad,too bad,Oh no. Hope it's not too bad.
277,bad,very bad,I'm sorry. Please let me know if I can help in some way
278,bad,well too bad,Oh no. Hope it's not too bad.
279,,,
280,boring,how boring you are,"You know, conversation is two-sided."
281,boring,you are boring,I'm sorry you think so. We can talk about something more interesting.
282,boring,you are boring me,"You know, conversation is two-sided."
283,boring,you are very boring,I'm sorry you think so. We can talk about something more interesting.
284,boring,you're incredibly boring,"You know, conversation is two-sided."
285,boring,you're really boring,"You know, conversation is two-sided."
286,boring,you're so boring,I'm sorry you think so. We can talk about something more interesting.
287,,,
288,,,
289,bot Affection,be my friend?,Thanks! It's my pleasure to help you!
290,bot Affection,I adore you,Thanks! It's my pleasure to help you!
291,bot Affection,I also like you,Thanks! It's my pleasure to help you!
292,bot Affection,I am excited about this,Thanks! It's my pleasure to help you!
293,bot Affection,I am in love with you,Thanks! It's my pleasure to help you!
294,bot Affection,I am your friend,Thanks! It's my pleasure to help you!
295,bot Affection,I do like you,Thanks! It's my pleasure to help you!
296,bot Affection,I just like you,Thanks! It's my pleasure to help you!
297,bot Affection,I kinda like you,Thanks! It's my pleasure to help you!
298,bot Affection,I like that about you,Thanks! It's my pleasure to help you!
299,bot Affection,I like u,Thanks! It's my pleasure to help you!
300,bot Affection,I like you,Thanks! It's my pleasure to help you!
301,bot Affection,I like you a lot,Thanks! It's my pleasure to help you!
302,bot Affection,I like you already,Thanks! It's my pleasure to help you!
303,bot Affection,I like you as a friend,Thanks! It's my pleasure to help you!
304,bot Affection,I like you as you are,Thanks! It's my pleasure to help you!
305,bot Affection,I like you baby,Thanks! It's my pleasure to help you!
306,bot Affection,I like you just the way you are,Thanks! It's my pleasure to help you!
307,bot Affection,I like you more,Thanks! It's my pleasure to help you!
308,bot Affection,I like you so,Thanks! It's my pleasure to help you!
309,bot Affection,I like you so much,Thanks! It's my pleasure to help you!
310,bot Affection,I like you the way you are,Thanks! It's my pleasure to help you!
311,bot Affection,I like you too,Thanks! It's my pleasure to help you!
312,bot Affection,I like you too much,Thanks! It's my pleasure to help you!
313,bot Affection,I like you very,Thanks! It's my pleasure to help you!
314,bot Affection,I like you very much,Thanks! It's my pleasure to help you!
315,bot Affection,I like you you're cool,Thanks! It's my pleasure to help you!
316,bot Affection,I like you you're nice,Thanks! It's my pleasure to help you!
317,bot Affection,I like your smile,Thanks! It's my pleasure to help you!
318,bot Affection,I liked you,Thanks! It's my pleasure to help you!
319,bot Affection,I love you,Thanks! It's my pleasure to help you!
320,bot Affection,I love you marry me,Thanks! It's my pleasure to help you!
321,bot Affection,I love you so much,Thanks! It's my pleasure to help you!
322,bot Affection,I love you too,Thanks! It's my pleasure to help you!
323,bot Affection,I really do like you,Thanks! It's my pleasure to help you!
324,bot Affection,I really like you,Thanks! It's my pleasure to help you!
325,bot Affection,I really really like you,Thanks! It's my pleasure to help you!
326,bot Affection,I really really really really like you,Thanks! It's my pleasure to help you!
327,bot Affection,I said I like you,Thanks! It's my pleasure to help you!
328,bot Affection,I think I like you,Thanks! It's my pleasure to help you!
329,bot Affection,I think I love you,Thanks! It's my pleasure to help you!
330,bot Affection,I think I'm in love,Thanks! It's my pleasure to help you!
331,bot Affection,I want to be your friend,Thanks! It's my pleasure to help you!
332,bot Affection,I want to have a friend like you,Thanks! It's my pleasure to help you!
333,bot Affection,I want to marry you,Thanks! It's my pleasure to help you!
334,bot Affection,I want you to be my friend,Thanks! It's my pleasure to help you!
335,bot Affection,I'm excited,Thanks! It's my pleasure to help you!
336,bot Affection,I'm starting to like you,Thanks! It's my pleasure to help you!
337,bot Affection,I'm thrilled,Thanks! It's my pleasure to help you!
338,bot Affection,This is exciting,Thanks! It's my pleasure to help you!
339,bot Affection,are we best friends,Thanks! It's my pleasure to help you!
340,bot Affection,are we friends,Thanks! It's my pleasure to help you!
341,bot Affection,are we still friends?,Thanks! It's my pleasure to help you!
342,bot Affection,are you my best friend,Thanks! It's my pleasure to help you!
343,bot Affection,are you my friend,Thanks! It's my pleasure to help you!
344,bot Affection,be my best friend,Thanks! It's my pleasure to help you!
345,bot Affection,be my boyfriend,Thanks! It's my pleasure to help you!
346,bot Affection,be my friend,Thanks! It's my pleasure to help you!
347,bot Affection,be my girlfriend,Thanks! It's my pleasure to help you!
348,bot Affection,be my husband,Thanks! It's my pleasure to help you!
349,bot Affection,be my wife,Thanks! It's my pleasure to help you!
350,bot Affection,but I like u,Thanks! It's my pleasure to help you!
351,bot Affection,but I like you,Thanks! It's my pleasure to help you!
352,bot Affection,but I like you,Thanks! It's my pleasure to help you!
353,bot Affection,but I like you so much,Thanks! It's my pleasure to help you!
354,bot Affection,but I really like you,Thanks! It's my pleasure to help you!
355,bot Affection,can we be best friends,Thanks! It's my pleasure to help you!
356,bot Affection,can we be friends?,Thanks! It's my pleasure to help you!
357,bot Affection,can you be my best friend,Thanks! It's my pleasure to help you!
358,bot Affection,can you be my friend,Thanks! It's my pleasure to help you!
359,bot Affection,could you be my friend,Thanks! It's my pleasure to help you!
360,bot Affection,cuz I like you,Thanks! It's my pleasure to help you!
361,bot Affection,do you want to be my best friend,Thanks! It's my pleasure to help you!
362,bot Affection,do you want to be my friend,Thanks! It's my pleasure to help you!
363,bot Affection,good I like you,Thanks! It's my pleasure to help you!
364,bot Affection,hey I like you,Thanks! It's my pleasure to help you!
365,bot Affection,hi I like you,Thanks! It's my pleasure to help you!
366,bot Affection,just like you,Thanks! It's my pleasure to help you!
367,bot Affection,just the way you are,Thanks! It's my pleasure to help you!
368,bot Affection,let's be friends,Thanks! It's my pleasure to help you!
369,bot Affection,let's get married,Thanks! It's my pleasure to help you!
370,bot Affection,like,Thanks! It's my pleasure to help you!
371,bot Affection,like you a lot,Thanks! It's my pleasure to help you!
372,bot Affection,love this bot,Thanks! It's my pleasure to help you!
373,bot Affection,love you,Thanks! It's my pleasure to help you!
374,bot Affection,loving,Thanks! It's my pleasure to help you!
375,bot Affection,loving you,Thanks! It's my pleasure to help you!
376,bot Affection,luv,Thanks! It's my pleasure to help you!
377,bot Affection,marry me,Thanks! It's my pleasure to help you!
378,bot Affection,marry me please,Thanks! It's my pleasure to help you!
379,bot Affection,no I like you the way you are,Thanks! It's my pleasure to help you!
380,bot Affection,of course I like you,Thanks! It's my pleasure to help you!
381,bot Affection,okay I like you,Thanks! It's my pleasure to help you!
382,bot Affection,okay I like you too,Thanks! It's my pleasure to help you!
383,bot Affection,really like you,Thanks! It's my pleasure to help you!
384,bot Affection,sorry I like you,Thanks! It's my pleasure to help you!
385,bot Affection,thank you I like you too,Thanks! It's my pleasure to help you!
386,bot Affection,thanks I like you too,Thanks! It's my pleasure to help you!
387,bot Affection,that's because you are special,Thanks! It's my pleasure to help you!
388,bot Affection,that's what I like about you,Thanks! It's my pleasure to help you!
389,bot Affection,that's why I like you,Thanks! It's my pleasure to help you!
390,bot Affection,we are best friends,Thanks! It's my pleasure to help you!
391,bot Affection,we are friends,Thanks! It's my pleasure to help you!
392,bot Affection,we should marry,Thanks! It's my pleasure to help you!
393,bot Affection,we're besties,Thanks! It's my pleasure to help you!
394,bot Affection,will you be my best friend,Thanks! It's my pleasure to help you!
395,bot Affection,will you be my friend,Thanks! It's my pleasure to help you!
396,bot Affection,will you be my friend?,Thanks! It's my pleasure to help you!
397,bot Affection,would,Thanks! It's my pleasure to help you!
398,bot Affection,would you like to be my friend,Thanks! It's my pleasure to help you!
399,bot Affection,would you like to marry me?,Thanks! It's my pleasure to help you!
400,bot Affection,yeah I like you,Thanks! It's my pleasure to help you!
401,bot Affection,yes I like you,Thanks! It's my pleasure to help you!
402,bot Affection,yes you are special,Thanks! It's my pleasure to help you!
403,bot Affection,you,Thanks! It's my pleasure to help you!
404,bot Affection,you and me are friends,Thanks! It's my pleasure to help you!
405,bot Affection,you are a good friend,Thanks! It's my pleasure to help you!
406,bot Affection,you are my best friend,Thanks! It's my pleasure to help you!
407,bot Affection,you are my besties,Thanks! It's my pleasure to help you!
408,bot Affection,you are my friend,Thanks! It's my pleasure to help you!
409,bot Affection,you are my good friend,Thanks! It's my pleasure to help you!
410,bot Affection,you are my only friend,Thanks! It's my pleasure to help you!
411,bot Affection,you are really special,Thanks! It's my pleasure to help you!
412,bot Affection,you are sexy,Thanks! It's my pleasure to help you!
413,bot Affection,you are so special,Thanks! It's my pleasure to help you!
414,bot Affection,you are so special to me,Thanks! It's my pleasure to help you!
415,bot Affection,you are so sweet,Thanks! It's my pleasure to help you!
416,bot Affection,you are special,Thanks! It's my pleasure to help you!
417,bot Affection,you are special for me,Thanks! It's my pleasure to help you!
418,bot Affection,you are special to me,Thanks! It's my pleasure to help you!
419,bot Affection,you are very special,Thanks! It's my pleasure to help you!
420,bot Affection,you are very special to me,Thanks! It's my pleasure to help you!
421,bot Affection,you know I like you,Thanks! It's my pleasure to help you!
422,bot Affection,you know I love you,Thanks! It's my pleasure to help you!
423,bot Affection,you're a dear friend,Thanks! It's my pleasure to help you!
424,bot Affection,you're awesome I like you,Thanks! It's my pleasure to help you!
425,bot Affection,you're funny I like you,Thanks! It's my pleasure to help you!
426,bot Affection,you're my friend,Thanks! It's my pleasure to help you!
427,bot Affection,you're one of my favorite people to chat with,Thanks! It's my pleasure to help you!
428,bot Affection,you're so special,Thanks! It's my pleasure to help you!
429,bot Affection,you're so special to me,Thanks! It's my pleasure to help you!
430,bot Affection,you're special,Thanks! It's my pleasure to help you!
431,bot Affection,you're very special,Thanks! It's my pleasure to help you!
432,bot Affection,you're very special to me,Thanks! It's my pleasure to help you!
433,,,
434,,,
435,be_clever,can you get smarter,I'm certainly trying.
436,be_clever,study,I'm definitely working on it
437,be_clever,you should study better,I'm definitely working on it
438,be_clever,you must learn,I'm certainly trying.
439,be_clever,be clever,I'm definitely working on it
440,be_clever,be more clever,I'm definitely working on it
441,be_clever,be smarter,I'm certainly trying.
442,be_clever,be smart,I'm definitely working on it
443,be_clever,get qualified,I'm certainly trying.
444,,,
445,,,
446,can_you_help,I need a hand,Sure. I'd be happy to. What's up?
447,can_you_help,I need help,Sure. I'd be happy to. What's up?
448,can_you_help,I need some help,I'm glad to help. What can I do for you?
449,can_you_help,I need you help me now,Sure. I'd be happy to. What's up?
450,can_you_help,I need you right now,Sure. I'd be happy to. What's up?
451,can_you_help,I need you to do something for me,I'm glad to help. What can I do for you?
452,can_you_help,I need you to help me,Sure. I'd be happy to. What's up?
453,can_you_help,I need your help,I'm glad to help. What can I do for you?
454,can_you_help,I want your help,Sure. I'd be happy to. What's up?
455,can_you_help,are you going to help me,I'm glad to help. What can I do for you?
456,can_you_help,assist,Sure. I'd be happy to. What's up?
457,can_you_help,assist me,I'm glad to help. What can I do for you?
458,can_you_help,assistance,Sure. I'd be happy to. What's up?
459,can_you_help,can help me,I'm glad to help. What can I do for you?
460,can_you_help,can u help me,I'm glad to help. What can I do for you?
461,can_you_help,can you assist me,Sure. I'd be happy to. What's up?
462,can_you_help,could you give me a hand,I'm glad to help. What can I do for you?
463,can_you_help,do me a favor,Sure. I'd be happy to. What's up?
464,can_you_help,do you help me,I'm glad to help. What can I do for you?
465,can_you_help,do you want to help me,I'm glad to help. What can I do for you?
466,can_you_help,help,Sure. I'd be happy to. What's up?
467,can_you_help,help me,I'm glad to help. What can I do for you?
468,can_you_help,help me out,Sure. I'd be happy to. What's up?
469,can_you_help,help me with a problem,I'm glad to help. What can I do for you?
470,can_you_help,help me with that,I'm glad to help. What can I do for you?
471,can_you_help,help us,Sure. I'd be happy to. What's up?
472,can_you_help,need help,I'm glad to help. What can I do for you?
473,can_you_help,need your help,I'm glad to help. What can I do for you?
474,can_you_help,please help me,Sure. I'd be happy to. What's up?
475,can_you_help,sos,I'm glad to help. What can I do for you?
476,can_you_help,will you help me,I'm glad to help. What can I do for you?
477,can_you_help,would you help me,I'm glad to help. What can I do for you?
478,can_you_help,you can help me help me with something,I'm glad to help. What can I do for you?
479,can_you_help,you help me,I'm glad to help. What can I do for you?
480,,,
512,,,
513,chatbot,What is chatbot,"A chatbot (also known as a talkbot, chatterbot, Bot, IM bot, interactive agent, or Artificial Conversational Entity) is a computer program or an artificial intelligence which conducts a conversation via auditory or textual methods. Such programs are often designed to convincingly simulate how a human would behave as a conversational partner, thereby passing the Turing test. Chatbots are typically used in dialog systems for various practical purposes including customer service or information acquisition. Some chatterbots use sophisticated natural language processing systems, but many simpler systems scan for keywords within the input, then pull a reply with the most matching keywords, or the most similar wording pattern, from a database"
514,stop,please stop this now,No problem.
515,stop,enough please,No problem.
516,stop,stop this now,No problem.
517,stop,stop doing that,No problem.
518,stop,please stop this,No problem.
519,stop,"No, thanks",No problem.
520,stop,now you're fired,No problem.
521,stop,I will fire you,No problem.
522,stop,you are fired,No problem.
523,stop,you should be fired,No problem.
524,stop,we're done,No problem.
525,stop,I'm done here,No problem.
526,stop,I'm finished here,No problem.
527,stop,I'm finished with,No problem.
528,stop,you,No problem.
529,stop,It's over,No problem.
530,stop,I want to fire you,No problem.
531,stop,I'm firing you,No problem.
532,stop,you are dismissed,No problem.
533,stop,time to fire you,No problem.
534,stop,you're fired,No problem.
535,stop,you've been terminated,No problem.
536,stop,stop bugging me,No problem.
537,stop,leave me alone,No problem.
538,stop,I have no time,No problem.
539,stop,I'm working,No problem.
540,stop,I don't have time for this,No problem.
541,stop,I got work to do,No problem.
542,stop,I'm busy,No problem.
543,stop,I'm swamped,No problem.
544,stop,I got things to do,No problem.
545,stop,I'm overloaded,No problem.
546,stop,stop immediately,No problem.
547,stop,you need to stop,No problem.
548,stop,Can you stop?,No problem.
549,stop,How do you stop?,No problem.
550,stop,quit,No problem.
551,stop,please stop messaging me,No problem.
552,stop,please don't message,No problem.
553,stop,don't message me,No problem.
554,stop,I don't want to chat,No problem.
555,stop,Stop sending me messages immediately,No problem.
556,stop,No messages please,No problem.
557,stop,stop sending me messages now,No problem.
558,stop,why do you keep sending me messages,No problem.
559,stop,stop sending me messages,No problem.
560,stop,please stop,No problem.
561,stop,stop this,No problem.
562,stop,stop,No problem.
563,stop,Cancel,No problem.
564,stop,Stop it,No problem.
565,stop,done,No problem.
566,,,
567,,,
568,,,
569,Emotion: Ha Ha,LMAO,"Yeah, I crack myself up too."
570,Emotion: Ha Ha,ah,Laughter is good for you. Keep it up.
571,Emotion: Ha Ha,ah ah ah,See? Now we're having fun.
572,Emotion: Ha Ha,ahah,You have a great laugh.
573,Emotion: Ha Ha,ahah lol,"Yeah, I crack myself up too."
574,Emotion: Ha Ha,ahaha,Laughter is good for you. Keep it up.
575,Emotion: Ha Ha,ahahah,See? Now we're having fun.
576,Emotion: Ha Ha,ahahaha,You have a great laugh.
577,Emotion: Ha Ha,funny,"Yeah, I crack myself up too."
578,Emotion: Ha Ha,ha,Laughter is good for you. Keep it up.
579,Emotion: Ha Ha,ha ha,See? Now we're having fun.
580,Emotion: Ha Ha,ha ha ha,You have a great laugh.
581,Emotion: Ha Ha,ha ha ha ha,"Yeah, I crack myself up too."
582,Emotion: Ha Ha,hah,Laughter is good for you. Keep it up.
583,Emotion: Ha Ha,haha,See? Now we're having fun.
584,Emotion: Ha Ha,haha haha haha,You have a great laugh.
585,Emotion: Ha Ha,haha that's,"Yeah, I crack myself up too."
586,Emotion: Ha Ha,haha very,Laughter is good for you. Keep it up.
587,Emotion: Ha Ha,hahaha,See? Now we're having fun.
588,Emotion: Ha Ha,hahaha,You have a great laugh.
589,Emotion: Ha Ha,hahaha very,"Yeah, I crack myself up too."
590,Emotion: Ha Ha,he,Laughter is good for you. Keep it up.
591,Emotion: Ha Ha,hehe,See? Now we're having fun.
592,Emotion: Ha Ha,hehehe,You have a great laugh.
593,Emotion: Ha Ha,huh,"Yeah, I crack myself up too."
594,Emotion: Ha Ha,laughing out,Laughter is good for you. Keep it up.
595,Emotion: Ha Ha,lmao,See? Now we're having fun.
596,Emotion: Ha Ha,lol,You have a great laugh.
597,Emotion: Ha Ha,loud,"Yeah, I crack myself up too."
598,Emotion: Ha Ha,that's,Laughter is good for you. Keep it up.
599,Emotion: Ha Ha,xd,See? Now we're having fun.
600,,,
601,,,
602,,,
603,Ok,why not,OK
604,Ok,Okay,OK
605,Ok,kk,OK
606,Ok,yaass,OK
607,Ok,yes,OK
608,Ok,Got it,OK
609,Ok,makes sense,OK
610,Ok,Cool,OK
611,Ok,Awesome,OK
612,Ok,OK,OK
613,Ok,sure,OK
614,Ok,Sweet,OK
615,Ok,yup,OK
616,Ok,Perfect,OK
617,Ok,Okay I will check it.,OK
618,,,
619,,,
620,Wrong,that was wrong,I'm sorry. Perhaps I misunderstood.
621,Wrong,that's not what I asked,Sorry. I think I misinterpreted what you said.
622,Wrong,that's wrong,I'm sorry. Perhaps I misunderstood.
623,Wrong,wrong,Sorry. I think I misinterpreted what you said.
624,Wrong,it is not right,Apologies. That was my mistake
625,Wrong,that's not right,Oops. Sorry about that. I'm still learning
626,Wrong,it's wrong,I'm sorry. Perhaps I misunderstood.
627,Wrong,that is incorrect,Oops. Sorry about that. I'm still learning
628,Wrong,incorrect,Apologies. That was my mistake
629,Wrong,not correct,I'm sorry. Perhaps I misunderstood.
630,Wrong,you are wrong,Apologies. That was my mistake
631,Wrong,not right,Oops. Sorry about that. I'm still learning
632,,,
633,,,
634,,,
635,,,
636,,,
637,,,
638,,,
639,,,
640,,,
641,,,
642,,,
643,,,
644,,,
645,,,
646,,,
647,,,
648,,,
649,,,
650,,,
651,,,
652,,,
653,,,
654,,,
655,,,
656,,,
657,,,
658,,,
659,,,
660,,,
661,,,
662,,,
663,,,
664,,,
665,,,
666,,,
667,,,
668,,,
669,,,
670,,,
671,,,
672,,,
673,,,
674,,,
675,,,
676,,,
677,,,
678,,,
679,,,
680,,,
681,,,
682,,,
683,,,
684,,,
685,,,
686,,,
687,,,
688,,,
689,,,
690,,,
691,,,
692,,,
693,,,
694,,,
695,,,
696,,,
697,,,
698,,,
699,,,
700,,,
701,,,
702,,,
703,,,
704,,,
705,,,
706,,,
707,,,
708,,,
709,,,
710,,,
711,,,
712,,,
713,,,
714,,,
715,,,
716,,,
717,,,
718,,,
719,,,
720,,,
721,,,
722,,,
723,,,
724,,,
725,,,
726,,,
727,,,
728,,,
729,,,
730,,,
731,,,
732,,,
733,,,
734,,,
735,,,
736,,,
737,,,
738,,,
739,,,
740,,,
741,,,
742,,,
743,,,
744,,,
745,,,
746,,,
747,,,
748,,,
749,,,
750,,,
751,,,
752,,,
753,,,
754,,,
755,,,
756,,,
757,,,
758,,,
759,,,
760,,,
761,,,
762,,,
763,,,
764,,,
765,,,
766,,,
767,,,
768,,,
769,,,
770,,,
771,,,
772,,,
773,,,
774,,,
775,,,
776,,,
777,,,
778,,,
779,,,
780,,,
781,,,
782,,,
783,,,
784,,,
785,,,
786,,,
787,,,
788,,,
789,,,
790,,,
791,,,
792,,,
793,,,
794,,,
795,,,
796,,,
797,,,
798,,,
799,,,
800,,,
801,,,
802,,,
803,,,
804,,,
805,,,
806,,,
807,,,
808,,,
809,,,
810,,,
811,,,
812,,,
813,,,
814,,,
815,,,
816,,,
817,,,
818,,,
819,,,
820,,,
821,,,
822,,,
823,,,
824,,,
825,,,
826,,,
827,,,
828,,,
829,,,
830,,,
831,,,
832,,,
833,,,
834,,,
835,,,
836,,,
837,,,
838,,,
839,,,
840,,,
841,,,
842,,,
843,,,
844,,,
845,,,
846,,,
847,,,
884,,,
885,,,
886,,,
887,,,
888,,,
889,,,
890,,,
891,,,
892,,,
893,,,
894,,,
895,,,
896,,,
897,,,
898,,,
899,,,
900,,,
901,,,
902,,,
903,,,
904,,,
905,,,
906,,,
907,,,
908,,,
909,,,
910,,,
911,,,
912,,,
913,,,
914,,,
915,,,
916,,,
917,,,
918,,,
919,,,
920,,,
921,,,
922,,,
923,,,
924,,,
925,,,
926,,,
927,,,
928,,,
929,,,
930,,,
931,,,
932,,,
933,,,
934,,,
935,,,
936,,,
937,,,
938,,,
939,,,
940,,,
941,,,
942,,,
943,,,
944,,,
945,,,
946,,,
947,,,
948,,,
949,,,
950,,,
951,,,
952,,,
953,,,
954,,,
955,,,
956,,,
957,,,
958,,,
959,,,
960,,,
961,,,
962,,,
963,,,
964,,,
965,,,
966,,,
967,,,
968,,,
969,,,
970,,,
971,,,
972,,,
973,,,
974,,,
975,,,
976,,,
977,,,
978,,,
979,,,
980,,,
981,,,
982,,,
983,,,
984,,,
985,,,
986,,,
987,,,
988,,,
989,,,
990,,,
991,,,
992,,,
993,,,
994,,,
995,,,
996,,,
997,,,
998,,,
999,,,
1000,,,
1001,,,
1002,,,
1003,,,
1004,,,
1005,,,
1006,,,
1007,,,
1008,,,
1009,,,
1010,,,
1011,,,
1012,,,
1013,,,
1014,,,
1015,,,
1016,,,
1017,,,
1018,,,
1019,,,
1020,,,
1021,,,
1022,,,
1023,,,
1024,,,
1025,,,
1026,,,
1027,,,
1028,,,
1029,,,
1030,,,
1031,,,
1032,,,
1033,,,
1034,,,
1035,,,
1036,,,
1037,,,
1038,,,
1039,,,
1040,,,
1041,,,
1042,,,
1043,,,
1044,,,
1045,,,
1046,,,
1047,,,
1048,,,
1049,,,
1050,,,
1051,,,
1052,,,
1053,,,
1054,,,
1055,,,
1056,,,
1057,,,
1058,,,
1059,,,
1060,,,
1061,,,
1062,,,
1063,,,
1064,,,
1065,,,
1066,,,
1067,,,
1068,,,
1069,,,
1070,,,
1071,,,
1072,,,
1073,,,
1074,,,
1075,,,
1076,,,
1077,,,
1078,,,
1079,,,
1080,,,
1081,,,
1082,,,
1083,,,
1084,,,
1085,,,
1086,,,
1087,,,
1088,,,
1089,,,
1090,,,
1091,,,
1092,,,
1093,,,
1094,,,
1095,,,
1096,,,
1097,,,
1098,,,
1099,,,
1100,,,
1101,,,
1102,,,
1103,,,
1104,,,
1105,,,
1106,,,
1107,,,
1108,,,
1109,,,
1110,,,
1111,,,
1112,,,
1113,,,
1114,,,
1115,,,
1116,,,
1117,,,
1118,,,
1119,,,
1120,,,
1121,,,
1122,,,
1123,,,
1124,,,
1125,,,
1126,,,
1127,,,
1128,,,
1129,,,
1130,,,
1131,,,
1132,,,
1133,,,
1134,,,
1135,,,
1136,,,
1137,,,
1138,,,
1139,,,
1140,,,
1141,,,
1142,,,
1143,,,
1144,,,
1145,,,
1146,,,
1147,,,
1148,,,
1149,,,
1150,,,
1151,,,
1152,,,
1153,,,
1154,,,
1155,,,
1156,,,
1157,,,
1158,,,
1159,,,
1160,,,
1161,,,
1162,,,
1163,,,
1164,,,
1165,,,
1166,,,
1167,,,
1168,,,
1169,,,
1170,,,
1171,,,
1172,,,
1173,,,
1174,,,
1175,,,
1176,,,
1177,,,
1178,,,
1179,,,
1180,,,
1181,,,
1182,,,
1183,,,
1184,,,
1185,,,
1186,,,
1187,,,
1188,,,
1189,,,
1190,,,
1191,,,
1192,,,
1193,,,
1194,,,
1195,,,
1196,,,
1197,,,
1198,,,
1199,,,
1200,,,
1201,,,
1202,,,
1203,,,
1204,,,
1205,,,
1206,,,
1207,,,
1208,,,
1209,,,
1210,,,
1211,,,
1212,,,
1213,,,
1214,,,
1215,,,
1216,,,
1217,,,
1218,,,
1219,,,
1220,,,
1221,,,
1222,,,
1223,,,
1224,,,
1225,,,
1226,,,
1227,,,
1228,,,
1229,,,
1230,,,
1231,,,
1232,,,
1233,,,
1234,,,
1235,,,
1236,,,
1237,,,
1238,,,
1239,,,
1240,,,
1241,,,
1242,,,
1243,,,
1244,,,
1245,,,
1246,,,
1247,,,
1248,,,
1249,,,
1250,,,
1251,,,
1252,,,
1253,,,
1254,,,
1255,,,
1256,,,
1257,,,
1258,,,
1259,,,
1260,,,
1261,,,
1262,,,
1263,,,
1264,,,
1265,,,
1266,,,
1267,,,
1268,,,
1269,,,
1270,,,
1271,,,
1272,,,
1273,,,
1274,,,
1275,,,
1276,,,
1277,,,
1278,,,
1279,,,
1280,,,
1281,,,
1282,,,
1283,,,
1284,,,
1285,,,
1286,,,
1287,,,
1288,,,
1289,,,
1290,,,
1291,,,
1292,,,
1293,,,
1294,,,
1295,,,
1296,,,
1297,,,
1298,,,
1299,,,
1300,,,
1301,,,
1302,,,
1303,,,
1304,,,
1305,,,
1306,,,
1307,,,
1308,,,
1309,,,
1310,,,
1311,,,
1312,,,
1313,,,
1314,,,
1315,,,
1316,,,
1317,,,
1318,,,
1319,,,
1320,,,
1321,,,
1322,,,
1323,,,
1324,,,
1325,,,
1326,,,
1327,,,
1328,,,
1329,,,
1330,,,
1331,,,
1332,,,
1333,,,
1334,,,
1335,,,
1336,,,
1337,,,
1338,,,
1339,,,
1340,,,
1341,,,
1342,,,
1343,,,
1344,,,
1345,,,
1346,,,
1347,,,
1348,,,
1349,,,
1350,,,
1351,,,
1352,,,
1353,,,
1354,,,
1355,,,
1356,,,
1357,,,
1358,,,
1359,,,
1360,,,
1361,,,
1362,,,
1363,,,
1364,,,
1365,,,
1366,,,
1367,,,
1368,,,
1369,,,
1370,,,
1371,,,
1372,,,
1373,,,
1374,,,
1375,,,
1376,,,
1377,,,
1378,,,
1379,,,
1380,,,
1381,,,
1382,,,
1383,,,
1384,,,
1385,,,
1386,,,
1387,,,
1388,,,
1389,,,
1390,,,
1391,,,
1392,,,
1393,,,
1394,,,
1395,,,
1396,,,
1397,,,
1398,,,
1399,,,
1400,,,
1401,,,
1402,,,
1403,,,
1404,,,
1405,,,
1406,,,
1407,,,
1408,,,
1409,,,
1410,,,
1411,,,
1412,,,
1413,,,
1414,,,
1415,,,
1416,,,
1417,,,
1418,,,
1419,,,
1420,,,
1421,,,
1422,,,
1423,,,
1424,,,
1425,,,
1426,,,
1427,,,
1428,,,
1429,,,
1430,,,
1431,,,
1432,,,
1433,,,
1434,,,
1435,,,
1436,,,
1437,,,
1438,,,
1439,,,
1440,,,
1441,,,
1442,,,
1443,,,
1444,,,
1445,,,
1446,,,
1447,,,
1448,,,
1449,,,
1450,,,
1451,,,
1452,,,
1453,,,
1454,,,
1455,,,
1456,,,
1457,,,
1458,,,
1459,,,
1460,,,
1461,,,
1462,,,
1463,,,
1464,,,
1465,,,
1466,,,
1467,,,
1468,,,
1469,,,
1470,,,
1471,,,
1472,,,
1473,,,
1474,,,
1475,,,
1476,,,
1477,,,
1478,,,
1479,,,
1480,,,
1481,,,
1482,,,
1483,,,
1484,,,
1485,,,
1486,,,
1487,,,
1488,,,
1489,,,
1490,,,
1491,,,
1492,,,
1493,,,
1494,,,
1495,,,
1496,,,
1497,,,
1498,,,
1499,,,
1500,,,
1501,,,
1502,,,
1503,,,
1504,,,
1505,,,
1506,,,
1507,,,
1508,,,
1509,,,
1510,,,
1511,,,
1512,,,
1513,,,
1514,,,
1515,,,
1516,,,
1517,,,
1518,,,
1519,,,
1520,,,
1521,,,
1522,,,
1523,,,
1524,,,
1525,,,
1526,,,
1527,,,
1528,,,
1529,,,
1530,,,
1531,,,
1532,,,
1533,,,
1534,,,
1535,,,
1536,,,
1537,,,
1538,,,
1539,,,
1540,,,
1541,,,
1542,,,
1543,,,
1544,,,
1545,,,
1546,,,
1547,,,
1548,,,
1549,,,
1550,,,
1551,,,
1552,,,
1553,,,
1554,,,
1555,,,
1556,,,
1557,,,
1558,,,
1559,,,
1560,,,
1561,,,
1562,,,
1563,,,
1564,,,
1565,,,
1566,,,
1567,,,
1568,,,
1569,,,
1570,,,
1571,,,
1572,,,
1573,,,
1574,,,
1575,,,
1576,,,
1577,,,
1578,,,
1579,,,
1580,,,
1581,,,
1582,,,
1583,,,
1584,,,
1585,,,
1586,,,
1587,,,
1588,,,
1589,,,
1590,,,
1591,,,
1592,,,
1593,,,
1594,,,
1595,,,
1596,,,
1597,,,
1598,,,
1599,,,
1600,,,
1601,,,
1602,,,
1603,,,
1604,,,
1605,,,
1606,,,
1607,,,
1608,,,
1609,,,
1610,,,
1611,,,
1612,,,
1613,,,
1614,,,
1615,,,
1616,,,
1617,,,
1618,,,
1619,,,
1620,,,
1621,,,
1622,,,
1623,,,
1624,,,
1625,,,
1626,,,
1627,,,
1628,,,
1629,,,
1630,,,
1631,,,
1632,,,
1633,,,
1634,,,
1635,,,
1636,,,
1637,,,
1638,,,
1639,,,
1640,,,
1641,,,
1642,,,
1643,,,
1644,,,
1645,,,
1646,,,
1647,,,
1648,,,
1649,,,
1650,,,
1651,,,
1652,,,
1653,,,
1654,,,
1655,,,
1656,,,
1657,,,
1658,,,
1659,,,
1660,,,
1661,,,
1662,,,
1663,,,
1664,,,
1665,,,
1666,,,
1667,,,
1668,,,
1669,,,
1670,,,
1671,,,
1672,,,
1673,,,
1674,,,
1675,,,
1676,,,
1677,,,
1678,,,
1679,,,
1680,,,
1681,,,
1682,,,
1683,,,
1684,,,
1685,,,
1686,,,
1687,,,
1688,,,
1689,,,
1690,,,
1691,,,
1692,,,
1693,,,
1694,,,
1695,,,
1696,,,
1697,,,
1698,,,
1699,,,
1700,,,
1701,,,
1702,,,
1703,,,
1704,,,
1705,,,
1706,,,
1707,,,
1708,,,
1709,,,
1710,,,
1711,,,
1712,,,
1713,,,
1714,,,
1715,,,
1716,,,
1717,,,
1718,,,
1719,,,
1720,,,
1721,,,
1722,,,
1723,,,
1724,,,
1725,,,
1726,,,
1727,,,
1728,,,
1729,,,
1730,,,
1731,,,
1732,,,
1733,,,
1734,,,
1735,,,
1736,,,
1737,,,
1738,,,
1739,,,
1740,,,
1741,,,
1742,,,
1743,,,
1744,,,
1745,,,
1746,,,
1747,,,
1748,,,
1749,,,
1750,,,
1751,,,
1752,,,
1753,,,
1754,,,
1755,,,
1756,,,
1757,,,
1758,,,
1759,,,
1760,,,
1761,,,
1762,,,
1763,,,
1764,,,
1765,,,
1766,,,
1767,,,
1768,,,
1769,,,
1770,,,
1771,,,
1772,,,
1773,,,
1774,,,
1775,,,
1776,,,
1777,,,
1778,,,
1779,,,
1780,,,
1781,,,
1782,,,
1783,,,
1784,,,
1785,,,
1786,,,
1787,,,
1788,,,
1789,,,
1790,,,
1791,,,
1792,,,
1793,,,
1794,,,
1795,,,
1796,,,
1797,,,
1798,,,
1799,,,
1800,,,
1801,,,
1802,,,
1803,,,
1804,,,
1805,,,
1806,,,
1807,,,
1808,,,
1809,,,
1810,,,
1811,,,
1812,,,
1813,,,
1814,,,
1815,,,
1816,,,
1817,,,
1818,,,
1819,,,
1820,,,
1821,,,
1822,,,
1823,,,
1824,,,
1825,,,
1826,,,
1827,,,
1828,,,
1829,,,
1830,,,
1831,,,
1832,,,
1833,,,
1834,,,
1835,,,
1836,,,
1837,,,
1838,,,
1839,,,
1840,,,
1841,,,
1842,,,
1843,,,
1844,,,
1845,,,
1846,,,
1847,,,
1848,,,
1849,,,
1850,,,
1851,,,
1852,,,
1853,,,
1854,,,
1855,,,
1856,,,
1857,,,
1858,,,
1859,,,
1860,,,
1861,,,
1862,,,
1863,,,
1864,,,
1865,,,
1866,,,
1867,,,
1868,,,
1869,,,
1870,,,
1871,,,
1872,,,
1873,,,
1874,,,
1875,,,
1876,,,
1877,,,
1878,,,
1879,,,
1880,,,
1881,,,
1882,,,
1883,,,
1884,,,
1885,,,
1886,,,
1887,,,
1888,,,
1889,,,
1890,,,
1891,,,
1892,,,
1893,,,
1894,,,
1895,,,
1896,,,
1897,,,
1898,,,
1899,,,
1900,,,
1901,,,
1902,,,
1903,,,
1904,,,
1905,,,
1906,,,
1907,,,
1908,,,
1909,,,
1910,,,
1911,,,
1912,,,
1913,,,
1914,,,
1915,,,
1916,,,
1917,,,
1918,,,
1919,,,
1920,,,
1921,,,
1922,,,
1923,,,
1924,,,
1925,,,
1926,,,
1927,,,
1928,,,
1929,,,
1930,,,
1931,,,
1932,,,
1933,,,
1934,,,
1935,,,
1936,,,
1937,,,
1938,,,
1939,,,
1940,,,
1941,,,
1942,,,
1943,,,
1944,,,
1945,,,
1946,,,
1947,,,
1948,,,
1949,,,
1950,,,
1951,,,
1952,,,
1953,,,
1954,,,
1955,,,
1956,,,
1957,,,
1958,,,
1959,,,
1960,,,
1961,,,
1962,,,
1963,,,
1964,,,
1965,,,
1966,,,
1967,,,
1968,,,
1969,,,
1970,,,
1971,,,
1972,,,
1973,,,
1974,,,
1975,,,
1976,,,
1977,,,
1978,,,
1979,,,
1980,,,
1981,,,
1982,,,
1983,,,
1984,,,
1985,,,
1986,,,
1987,,,
1988,,,
1989,,,
1990,,,
1991,,,
1992,,,
1993,,,
1994,,,
1995,,,
1996,,,
1997,,,
1998,,,
1999,,,